src,tar
clk,clkbuf_0_clk/A
req_msg[0],input1/A
req_msg[10],input2/A
req_msg[11],input3/A
req_msg[12],input4/A
req_msg[13],input5/A
req_msg[14],input6/A
req_msg[15],input7/A
req_msg[16],input8/A
req_msg[17],input9/A
req_msg[18],input10/A
req_msg[19],input11/A
req_msg[1],input12/A
req_msg[20],input13/A
req_msg[21],input14/A
req_msg[22],input15/A
req_msg[23],input16/A
req_msg[24],input17/A
req_msg[25],input18/A
req_msg[26],input19/A
req_msg[27],input20/A
req_msg[28],input21/A
req_msg[29],input22/A
req_msg[2],input23/A
req_msg[30],input24/A
req_msg[31],input25/A
req_msg[3],input26/A
req_msg[4],input27/A
req_msg[5],input28/A
req_msg[6],input29/A
req_msg[7],input30/A
req_msg[8],input31/A
req_msg[9],input32/A
output36/Z,req_rdy
req_val,input33/A
reset,input34/A
output37/Z,resp_msg[0]
output38/Z,resp_msg[10]
output39/Z,resp_msg[11]
output40/Z,resp_msg[12]
output41/Z,resp_msg[13]
output42/Z,resp_msg[14]
output43/Z,resp_msg[15]
output44/Z,resp_msg[1]
output45/Z,resp_msg[2]
output46/Z,resp_msg[3]
output47/Z,resp_msg[4]
output48/Z,resp_msg[5]
output49/Z,resp_msg[6]
output50/Z,resp_msg[7]
output51/Z,resp_msg[8]
output52/Z,resp_msg[9]
resp_rdy,input35/A
output53/Z,resp_val
_000_,_672_/D
_504_/ZN,_000_
_001_,_673_/D
_506_/ZN,_001_
_002_,_674_/D
_498_/ZN,_002_
_003_,_500_/A2
_003_,_517_/A2
_003_,_575_/A3
_003_,_578_/A4
_672_/QN,_003_
_004_,_675_/D
_522_/ZN,_004_
_005_,_676_/D
_525_/ZN,_005_
_006_,_677_/D
_529_/ZN,_006_
_007_,_678_/D
_533_/ZN,_007_
_008_,_679_/D
_538_/ZN,_008_
_009_,_680_/D
_542_/ZN,_009_
_010_,_681_/D
_545_/ZN,_010_
_011_,_682_/D
_548_/ZN,_011_
_012_,_683_/D
_551_/ZN,_012_
_013_,_684_/D
_555_/ZN,_013_
_014_,_685_/D
_558_/ZN,_014_
_015_,_686_/D
_561_/ZN,_015_
_016_,_687_/D
_564_/ZN,_016_
_017_,_688_/D
_567_/ZN,_017_
_018_,_689_/D
_570_/ZN,_018_
_019_,_690_/D
_573_/ZN,_019_
_020_,_691_/D
_588_/ZN,_020_
_021_,_692_/D
_593_/ZN,_021_
_022_,_693_/D
_598_/ZN,_022_
_023_,_694_/D
_604_/ZN,_023_
_024_,_695_/D
_609_/ZN,_024_
_025_,_696_/D
_615_/ZN,_025_
_026_,_697_/D
_620_/ZN,_026_
_027_,_698_/D
_626_/ZN,_027_
_028_,_699_/D
_631_/ZN,_028_
_029_,_700_/D
_637_/ZN,_029_
_030_,_701_/D
_642_/ZN,_030_
_031_,_702_/D
_648_/ZN,_031_
_032_,_703_/D
_653_/ZN,_032_
_033_,_704_/D
_659_/ZN,_033_
_034_,_705_/D
_664_/ZN,_034_
_035_,_706_/D
_671_/ZN,_035_
_036_,_589_/A2
_036_,_525_/B1
_036_,_482_/A4
_036_,_350_/A1
_036_,_347_/A1
_345_/ZN,_036_
_038_,_351_/A
_347_/ZN,_038_
_039_,_580_/B2
_039_,_522_/B1
_039_,_482_/A3
_039_,_481_/A
_039_,_349_/A1
_348_/ZN,_039_
_040_,_441_/A
_040_,_351_/B1
_349_/ZN,_040_
_041_,_351_/B2
_350_/ZN,_041_
_042_,_363_/A1
_042_,rebuffer5/A
_042_,rebuffer4/A
_351_/ZN,_042_
_043_,_600_/B2
_043_,_533_/B1
_043_,_487_/A2
_043_,_353_/A1
_352_/ZN,_043_
_044_,_365_/A
_044_,_356_/A1
_353_/ZN,_044_
_045_,_531_/B2
_045_,_355_/A1
_354_/ZN,_045_
_046_,_364_/A
_046_,_356_/A2
_355_/ZN,_046_
_047_,_362_/A1
_047_,_449_/B
_356_/ZN,_047_
_048_,_358_/A1
_048_,_594_/A2
_048_,_529_/B1
_048_,_487_/A1
_357_/ZN,_048_
_049_,_448_/A2
_049_,_365_/B2
_049_,_361_/A1
_358_/ZN,_049_
_050_,_527_/B2
_050_,_360_/A1
_359_/ZN,_050_
_051_,_361_/A2
_360_/ZN,_051_
_052_,_362_/A2
_052_,_444_/A
_361_/ZN,_052_
_053_,_363_/A2
_362_/ZN,_053_
_054_,_367_/A1
_363_/ZN,_054_
_055_,_365_/B1
_364_/ZN,_055_
_056_,_366_/A
_365_/ZN,_056_
_057_,_367_/A2
_366_/ZN,_057_
_058_,_452_/A1
_058_,rebuffer6/A
_058_,_376_/A2
_367_/ZN,_058_
_060_,_454_/A
_060_,_371_/A1
_369_/ZN,_060_
_061_,rebuffer9/A
_061_,rebuffer8/A
_061_,_371_/A2
_370_/ZN,_061_
_062_,_375_/A1
_371_/ZN,_062_
_063_,_374_/A1
_063_,_388_/A
_372_/ZN,_063_
_064_,_459_/A2
_064_,_374_/A2
_064_,rebuffer1/A
_373_/ZN,_064_
_065_,_375_/A2
_065_,_385_/A1
_374_/ZN,_065_
_066_,_376_/A1
_375_/ZN,_066_
_067_,_393_/A1
_376_/ZN,_067_
_068_,_605_/A2
_068_,_538_/B1
_068_,_487_/A3
_068_,_378_/A1
_377_/ZN,_068_
_069_,_453_/A2
_069_,_380_/A
_378_/ZN,_069_
_070_,_540_/B2
_070_,_380_/B2
_379_/ZN,_070_
_071_,_455_/A
_071_,_384_/A1
_380_/ZN,_071_
_072_,_611_/B2
_072_,_542_/B1
_072_,_487_/A4
_072_,_382_/A1
_381_/ZN,_072_
_073_,_456_/A
_073_,_383_/A
_382_/ZN,_073_
_074_,_384_/A2
_383_/ZN,_074_
_075_,_385_/A2
_384_/ZN,_075_
_076_,_392_/A1
_385_/ZN,_076_
_077_,_622_/B1
_077_,_548_/B1
_077_,_486_/A2
_077_,_387_/A1
_386_/ZN,_077_
_078_,_391_/A
_387_/ZN,_078_
_079_,_461_/B
_079_,_391_/B1
_388_/ZN,_079_
_080_,_616_/A2
_080_,_545_/B1
_080_,_486_/A1
_080_,_390_/A1
_389_/ZN,_080_
_081_,_460_/A2
_081_,_391_/B2
_390_/ZN,_081_
_082_,_392_/A2
_391_/ZN,_082_
_083_,_393_/A2
_392_/ZN,_083_
_084_,rebuffer27/A
_084_,_515_/A1
_084_,_466_/A1
_084_,_404_/A1
_393_/ZN,_084_
_085_,_644_/B1
_085_,_561_/B1
_085_,_483_/A2
_085_,_405_/A1
_085_,_395_/A
_394_/ZN,_085_
_086_,_473_/A
_086_,_407_/B1
_086_,_398_/A1
_395_/ZN,_086_
_087_,_638_/B2
_087_,_558_/B1
_087_,_483_/A1
_087_,_406_/A1
_087_,_397_/A
_396_/ZN,_087_
_088_,_468_/A
_088_,_398_/A2
_397_/ZN,_088_
_089_,_414_/B2
_089_,_403_/A1
_398_/ZN,_089_
_090_,_465_/A
_090_,_412_/B1
_090_,_401_/A1
_399_/ZN,_090_
_091_,_462_/A
_091_,_464_/B2
_091_,_401_/A2
_400_/ZN,_091_
_092_,_402_/A
_401_/ZN,_092_
_093_,_466_/A2
_093_,_403_/A2
_402_/ZN,_093_
_094_,_515_/A2
_094_,_404_/A2
_403_/ZN,_094_
_095_,_415_/A1
_404_/ZN,_095_
_096_,_407_/A
_405_/ZN,_096_
_097_,_472_/A1
_097_,_407_/B2
_406_/ZN,_097_
_098_,_414_/A
_407_/ZN,_098_
_099_,_553_/B2
_099_,_409_/A1
_408_/ZN,_099_
_100_,_412_/A
_409_/ZN,_100_
_101_,_627_/A2
_101_,_551_/B1
_101_,_486_/A3
_101_,_411_/A1
_410_/ZN,_101_
_102_,_464_/A
_102_,_412_/B2
_411_/ZN,_102_
_103_,_467_/A2
_103_,_413_/A
_412_/ZN,_103_
_104_,_414_/B1
_413_/ZN,_104_
_105_,_415_/A2
_105_,_512_/B1
_414_/ZN,_105_
_106_,_474_/A
_106_,_476_/A1
_106_,_421_/A1
_415_/ZN,_106_
_107_,_474_/B
_107_,_476_/A2
_107_,_417_/A
_416_/ZN,_107_
_108_,_420_/A1
_417_/ZN,_108_
_109_,_655_/B1
_109_,_567_/B1
_109_,_422_/A1
_109_,_419_/A
_418_/ZN,_109_
_110_,_478_/A
_110_,_425_/B1
_110_,_420_/A2
_419_/ZN,_110_
_111_,_511_/A1
_111_,_421_/A2
_420_/ZN,_111_
_112_,_427_/A1
_421_/ZN,_112_
_113_,_425_/A
_422_/ZN,_113_
_114_,_649_/B2
_114_,_564_/B1
_114_,_483_/A3
_114_,_424_/A1
_423_/ZN,_114_
_115_,_477_/A1
_115_,_425_/B2
_424_/ZN,_115_
_116_,_510_/B1
_116_,_426_/A
_425_/ZN,_116_
_117_,_427_/A2
_426_/ZN,_117_
_118_,_479_/A
_118_,_431_/A1
_427_/ZN,_118_
_119_,_660_/B2
_119_,_570_/B1
_119_,_482_/A1
_119_,_432_/A1
_119_,_429_/A
_428_/ZN,_119_
_120_,_509_/A1
_120_,_430_/A
_429_/ZN,_120_
_121_,_479_/B
_121_,_431_/A2
_430_/ZN,_121_
_122_,_438_/A1
_122_,_433_/A1
_431_/ZN,_122_
_123_,_508_/B2
_123_,_438_/A2
_123_,_433_/A2
_432_/ZN,_123_
_124_,_437_/A1
_433_/ZN,_124_
_125_,_666_/A2
_125_,_573_/B1
_125_,_507_/A1
_125_,_482_/A2
_125_,_435_/A
_434_/ZN,_125_
_126_,_509_/A2
_126_,_508_/B1
_126_,_438_/A3
_126_,_436_/A
_435_/ZN,_126_
_127_,_437_/A2
_436_/ZN,_127_
_128_,_439_/A2
_128_,_665_/A1
_437_/ZN,_128_
_129_,_439_/A1
_129_,_665_/A2
_438_/ZN,_129_
_130_,_442_/A
_440_/ZN,_130_
_131_,_442_/B
_441_/ZN,_131_
_132_,_589_/B2
_132_,_443_/A
_442_/ZN,_132_
_133_,_447_/A2
_133_,_445_/B
_444_/ZN,_133_
_134_,_594_/B2
_134_,_446_/A
_445_/ZN,_134_
_135_,_448_/A1
_447_/ZN,_135_
_136_,_449_/A
_448_/ZN,_136_
_137_,_605_/B2
_137_,_451_/A
_450_/ZN,_137_
_138_,_453_/A1
_138_,_456_/B1
_452_/ZN,_138_
_139_,_454_/B
_453_/ZN,_139_
_140_,_456_/B2
_455_/ZN,_140_
_141_,_457_/A
_141_,_459_/A1
_456_/ZN,_141_
_142_,_616_/B2
_142_,_458_/A
_457_/ZN,_142_
_143_,_460_/A1
_459_/ZN,_143_
_144_,_461_/A
_460_/ZN,_144_
_145_,_627_/B2
_145_,_463_/A
_462_/ZN,_145_
_146_,_465_/B
_464_/ZN,_146_
_147_,_467_/A1
_466_/ZN,_147_
_148_,_469_/B
_148_,_471_/A1
_467_/ZN,_148_
_149_,_469_/A
_149_,_471_/A2
_468_/ZN,_149_
_150_,_638_/A1
_150_,_470_/A
_469_/ZN,_150_
_151_,_472_/A2
_471_/ZN,_151_
_152_,_473_/B
_472_/ZN,_152_
_153_,_649_/A1
_153_,_475_/A
_474_/ZN,_153_
_154_,_477_/A2
_476_/ZN,_154_
_155_,_478_/B
_477_/ZN,_155_
_156_,_660_/A1
_156_,_480_/A
_479_/ZN,_156_
_157_,_484_/A1
_482_/ZN,_157_
_158_,_484_/A3
_483_/ZN,_158_
_159_,_489_/A1
_484_/ZN,_159_
_160_,_633_/B2
_160_,_555_/B1
_160_,_486_/A4
_485_/ZN,_160_
_161_,_488_/A1
_486_/ZN,_161_
_162_,_488_/A2
_487_/ZN,_162_
_163_,_489_/A2
_488_/ZN,_163_
_164_,_506_/B1
_164_,_490_/A
_489_/ZN,_164_
_165_,_498_/A1
_490_/ZN,_165_
_167_,_581_/A1
_167_,_500_/A1
_167_,_493_/A1
_492_/ZN,_167_
_168_,_506_/B2
_168_,_498_/A2
_493_/ZN,_168_
_172_,_498_/B2
_497_/ZN,_172_
_174_,_505_/A1
_174_,_504_/A
_501_/ZN,_174_
_176_,_504_/B1
_503_/ZN,_176_
_177_,_506_/A
_505_/ZN,_177_
_178_,_508_/A
_507_/ZN,_178_
_179_,_510_/A
_508_/ZN,_179_
_180_,_511_/A2
_180_,_510_/B2
_509_/ZN,_180_
_181_,_512_/A
_510_/ZN,_181_
_182_,_514_/A
_182_,_512_/B2
_511_/ZN,_182_
_183_,_513_/A
_512_/ZN,_183_
_184_,_578_/A1
_184_,_574_/A1
_184_,_516_/A1
_513_/ZN,_184_
_185_,_515_/A3
_514_/ZN,_185_
_186_,_578_/A2
_186_,_574_/A2
_186_,_516_/A2
_515_/ZN,_186_
_187_,_517_/A1
_516_/ZN,_187_
_188_,_537_/A1
_188_,_541_/A1
_188_,_544_/A1
_188_,_547_/A1
_188_,_550_/A1
_188_,_554_/A1
_188_,_557_/A1
_188_,_560_/A1
_188_,_563_/A1
_188_,_566_/A1
_188_,_522_/B2
_188_,_525_/B2
_188_,_529_/B2
_188_,_533_/B2
_188_,_538_/B2
_188_,_542_/B2
_188_,_545_/B2
_188_,_548_/B2
_188_,_551_/B2
_188_,_555_/B2
_188_,_520_/A1
_188_,_524_/A1
_188_,_528_/A1
_188_,_532_/A1
_188_,_558_/B2
_188_,_561_/B2
_188_,_564_/B2
_188_,_567_/B2
_188_,_570_/B2
_188_,_573_/B2
_188_,_572_/A1
_188_,_569_/A1
_517_/ZN,_188_
_190_,_520_/A2
_519_/Z,_190_
_191_,_522_/A
_520_/ZN,_191_
_193_,_524_/A2
_523_/Z,_193_
_194_,_525_/A
_524_/ZN,_194_
_195_,_527_/A
_526_/ZN,_195_
_196_,_528_/A2
_527_/ZN,_196_
_197_,_529_/A
_528_/ZN,_197_
_198_,_531_/A
_530_/ZN,_198_
_199_,_532_/A2
_531_/ZN,_199_
_200_,_533_/A
_532_/ZN,_200_
_203_,_537_/A2
_536_/Z,_203_
_204_,_538_/A
_537_/ZN,_204_
_205_,_540_/A
_539_/ZN,_205_
_206_,_541_/A2
_540_/ZN,_206_
_207_,_542_/A
_541_/ZN,_207_
_208_,_544_/A2
_543_/Z,_208_
_209_,_545_/A
_544_/ZN,_209_
_210_,_547_/A2
_546_/Z,_210_
_211_,_548_/A
_547_/ZN,_211_
_212_,_550_/A2
_549_/Z,_212_
_213_,_551_/A
_550_/ZN,_213_
_214_,_553_/A
_552_/ZN,_214_
_215_,_554_/A2
_553_/ZN,_215_
_216_,_555_/A
_554_/ZN,_216_
_217_,_557_/A2
_556_/Z,_217_
_218_,_558_/A
_557_/ZN,_218_
_219_,_560_/A2
_559_/Z,_219_
_220_,_561_/A
_560_/ZN,_220_
_221_,_563_/A2
_562_/Z,_221_
_222_,_564_/A
_563_/ZN,_222_
_223_,_566_/A2
_565_/Z,_223_
_224_,_567_/A
_566_/ZN,_224_
_225_,_569_/A2
_568_/Z,_225_
_226_,_570_/A
_569_/ZN,_226_
_227_,_572_/A2
_571_/Z,_227_
_228_,_573_/A
_572_/ZN,_228_
_229_,_575_/A1
_574_/ZN,_229_
_230_,_576_/A
_230_,_605_/B1
_230_,_594_/B1
_230_,_589_/B1
_230_,_627_/B1
_230_,split30/A
_575_/ZN,_230_
_231_,_665_/A3
_231_,_654_/A2
_231_,_643_/A2
_231_,_632_/A1
_231_,_621_/A2
_231_,_610_/A1
_231_,_599_/A1
_231_,_577_/A1
_576_/ZN,_231_
_232_,_580_/A
_577_/ZN,_232_
_233_,rebuffer29/A
_233_,rebuffer28/A
_233_,_655_/B2
_233_,_666_/A1
_233_,_660_/B1
_233_,_649_/B1
_233_,_638_/B1
_578_/ZN,_233_
_235_,_583_/A1
_580_/ZN,_235_
_236_,_583_/A2
_236_,_590_/A2
_236_,_595_/A2
_236_,_601_/A2
_236_,_606_/A2
_236_,_612_/A2
_236_,_645_/A2
_236_,_656_/A2
_236_,_661_/A2
_236_,_668_/A2
_236_,_650_/A2
_236_,_639_/A2
_236_,_634_/A2
_236_,_628_/A2
_236_,_623_/A2
_236_,_617_/A2
_581_/ZN,_236_
_238_,_588_/A1
_583_/ZN,_238_
_239_,_588_/A2
_584_/ZN,_239_
_240_,_587_/A1
_240_,_592_/A1
_240_,_597_/A1
_240_,_603_/A1
_240_,_608_/A1
_240_,_614_/A1
_240_,_619_/A1
_240_,_625_/A1
_240_,_630_/A1
_240_,_636_/A1
_240_,_669_/A1
_240_,_662_/A1
_240_,_657_/A1
_240_,_652_/A1
_240_,_646_/A1
_240_,_641_/A1
_585_/ZN,_240_
_242_,_588_/A3
_587_/ZN,_242_
_243_,_590_/A1
_589_/ZN,_243_
_244_,_593_/A1
_590_/ZN,_244_
_245_,_593_/A2
_591_/ZN,_245_
_246_,_593_/A3
_592_/ZN,_246_
_247_,_595_/A1
_594_/ZN,_247_
_248_,_598_/A1
_595_/ZN,_248_
_249_,_598_/A2
_596_/ZN,_249_
_250_,_598_/A3
_597_/ZN,_250_
_251_,_600_/A
_599_/ZN,_251_
_252_,_601_/A1
_600_/ZN,_252_
_253_,_604_/A1
_601_/ZN,_253_
_254_,_604_/A2
_602_/ZN,_254_
_255_,_604_/A3
_603_/ZN,_255_
_256_,_606_/A1
_605_/ZN,_256_
_257_,_609_/A1
_606_/ZN,_257_
_258_,_609_/A2
_607_/ZN,_258_
_259_,_609_/A3
_608_/ZN,_259_
_260_,_611_/A
_610_/ZN,_260_
_261_,_612_/A1
_611_/ZN,_261_
_262_,_615_/A1
_612_/ZN,_262_
_263_,_615_/A2
_613_/ZN,_263_
_264_,_615_/A3
_614_/ZN,_264_
_265_,_617_/A1
_616_/ZN,_265_
_266_,_620_/A1
_617_/ZN,_266_
_267_,_620_/A2
_618_/ZN,_267_
_268_,_620_/A3
_619_/ZN,_268_
_269_,_622_/A
_621_/ZN,_269_
_270_,_623_/A1
_622_/ZN,_270_
_271_,_626_/A1
_623_/ZN,_271_
_272_,_626_/A2
_624_/ZN,_272_
_273_,_626_/A3
_625_/ZN,_273_
_274_,_628_/A1
_627_/ZN,_274_
_275_,_631_/A1
_628_/ZN,_275_
_276_,_631_/A2
_629_/ZN,_276_
_277_,_631_/A3
_630_/ZN,_277_
_278_,_633_/A
_632_/ZN,_278_
_279_,_634_/A1
_633_/ZN,_279_
_280_,_637_/A1
_634_/ZN,_280_
_281_,_637_/A2
_635_/ZN,_281_
_282_,_637_/A3
_636_/ZN,_282_
_283_,_639_/A1
_638_/ZN,_283_
_284_,_642_/A1
_639_/ZN,_284_
_285_,_642_/A2
_640_/ZN,_285_
_286_,_642_/A3
_641_/ZN,_286_
_287_,_644_/A
_643_/ZN,_287_
_288_,_645_/A1
_644_/ZN,_288_
_289_,_648_/A1
_645_/ZN,_289_
_290_,_647_/A
_646_/ZN,_290_
_291_,_648_/A2
_647_/ZN,_291_
_292_,_650_/A1
_649_/ZN,_292_
_293_,_653_/A1
_650_/ZN,_293_
_294_,_653_/A2
_651_/ZN,_294_
_295_,_653_/A3
_652_/ZN,_295_
_296_,_655_/A
_654_/ZN,_296_
_297_,_656_/A1
_655_/ZN,_297_
_298_,_659_/A1
_656_/ZN,_298_
_299_,_658_/A
_657_/ZN,_299_
_300_,_659_/A2
_658_/ZN,_300_
_301_,_661_/A1
_660_/ZN,_301_
_302_,_664_/A1
_661_/ZN,_302_
_303_,_663_/A
_662_/ZN,_303_
_304_,_664_/A2
_663_/ZN,_304_
_305_,_667_/A1
_665_/ZN,_305_
_306_,_667_/A2
_666_/ZN,_306_
_307_,_668_/A1
_667_/ZN,_307_
_308_,_671_/A1
_668_/ZN,_308_
_309_,_670_/A
_669_/ZN,_309_
_310_,_671_/A2
_670_/ZN,_310_
_706_/QN,_311_
_705_/QN,_312_
_704_/QN,_313_
_703_/QN,_314_
_702_/QN,_315_
_701_/QN,_316_
_700_/QN,_317_
_699_/QN,_318_
_698_/QN,_319_
_697_/QN,_320_
_696_/QN,_321_
_695_/QN,_322_
_694_/QN,_323_
_693_/QN,_324_
_692_/QN,_325_
_691_/QN,_326_
_690_/QN,_327_
_689_/QN,_328_
_688_/QN,_329_
_687_/QN,_330_
_686_/QN,_331_
_685_/QN,_332_
_684_/QN,_333_
_683_/QN,_334_
_682_/QN,_335_
_681_/QN,_336_
_680_/QN,_337_
_679_/QN,_338_
_678_/QN,_339_
_677_/QN,_340_
_676_/QN,_341_
_675_/QN,_342_
_674_/QN,_343_
_673_/QN,_344_
clknet_0_clk,clkbuf_2_3__f_clk/A
clknet_0_clk,clkbuf_2_2__f_clk/A
clknet_0_clk,clkbuf_2_1__f_clk/A
clknet_0_clk,clkbuf_2_0__f_clk/A
clkbuf_0_clk/Z,clknet_0_clk
clknet_2_0__leaf_clk,_675_/CK
clknet_2_0__leaf_clk,_677_/CK
clknet_2_0__leaf_clk,_678_/CK
clknet_2_0__leaf_clk,_679_/CK
clknet_2_0__leaf_clk,_680_/CK
clknet_2_0__leaf_clk,_685_/CK
clknet_2_0__leaf_clk,_691_/CK
clknet_2_0__leaf_clk,_693_/CK
clknet_2_0__leaf_clk,_694_/CK
clknet_2_0__leaf_clk,_695_/CK
clkbuf_2_0__f_clk/Z,clknet_2_0__leaf_clk
clknet_2_1__leaf_clk,_681_/CK
clknet_2_1__leaf_clk,_682_/CK
clknet_2_1__leaf_clk,_683_/CK
clknet_2_1__leaf_clk,_684_/CK
clknet_2_1__leaf_clk,_696_/CK
clknet_2_1__leaf_clk,_697_/CK
clknet_2_1__leaf_clk,_698_/CK
clknet_2_1__leaf_clk,_699_/CK
clknet_2_1__leaf_clk,_700_/CK
clknet_2_1__leaf_clk,_701_/CK
clkbuf_2_1__f_clk/Z,clknet_2_1__leaf_clk
clknet_2_2__leaf_clk,_676_/CK
clknet_2_2__leaf_clk,_688_/CK
clknet_2_2__leaf_clk,_689_/CK
clknet_2_2__leaf_clk,_690_/CK
clknet_2_2__leaf_clk,_692_/CK
clknet_2_2__leaf_clk,_704_/CK
clknet_2_2__leaf_clk,_705_/CK
clknet_2_2__leaf_clk,_706_/CK
clkbuf_2_2__f_clk/Z,clknet_2_2__leaf_clk
clknet_2_3__leaf_clk,_672_/CK
clknet_2_3__leaf_clk,_673_/CK
clknet_2_3__leaf_clk,_674_/CK
clknet_2_3__leaf_clk,_686_/CK
clknet_2_3__leaf_clk,_687_/CK
clknet_2_3__leaf_clk,_702_/CK
clknet_2_3__leaf_clk,_703_/CK
clkbuf_2_3__f_clk/Z,clknet_2_3__leaf_clk
_673_/Q,ctrl.state.out\[1\]
ctrl.state.out\[1\],_505_/A2
ctrl.state.out\[1\],_500_/A3
ctrl.state.out\[2\],_492_/A
ctrl.state.out\[2\],_516_/A3
ctrl.state.out\[2\],_575_/A2
ctrl.state.out\[2\],_578_/A3
ctrl.state.out\[2\],_585_/A1
_674_/Q,ctrl.state.out\[2\]
_691_/Q,dpath.a_lt_b$in0\[0\]
dpath.a_lt_b$in0\[0\],_587_/A2
dpath.a_lt_b$in0\[0\],_519_/A
dpath.a_lt_b$in0\[0\],_481_/B
dpath.a_lt_b$in0\[0\],_349_/A2
_701_/Q,dpath.a_lt_b$in0\[10\]
dpath.a_lt_b$in0\[10\],_641_/A2
dpath.a_lt_b$in0\[10\],_556_/A
dpath.a_lt_b$in0\[10\],_406_/A2
dpath.a_lt_b$in0\[10\],_397_/B
_702_/Q,dpath.a_lt_b$in0\[11\]
dpath.a_lt_b$in0\[11\],_646_/A2
dpath.a_lt_b$in0\[11\],_559_/A
dpath.a_lt_b$in0\[11\],_405_/A2
dpath.a_lt_b$in0\[11\],_395_/B
_703_/Q,dpath.a_lt_b$in0\[12\]
dpath.a_lt_b$in0\[12\],_652_/A2
dpath.a_lt_b$in0\[12\],_562_/A
dpath.a_lt_b$in0\[12\],_424_/A2
dpath.a_lt_b$in0\[12\],_416_/B
_704_/Q,dpath.a_lt_b$in0\[13\]
dpath.a_lt_b$in0\[13\],_657_/A2
dpath.a_lt_b$in0\[13\],_565_/A
dpath.a_lt_b$in0\[13\],_422_/A2
dpath.a_lt_b$in0\[13\],_419_/B
_705_/Q,dpath.a_lt_b$in0\[14\]
dpath.a_lt_b$in0\[14\],_662_/A2
dpath.a_lt_b$in0\[14\],_568_/A
dpath.a_lt_b$in0\[14\],_432_/A2
dpath.a_lt_b$in0\[14\],_429_/B
_706_/Q,dpath.a_lt_b$in0\[15\]
dpath.a_lt_b$in0\[15\],_669_/A2
dpath.a_lt_b$in0\[15\],_571_/A
dpath.a_lt_b$in0\[15\],_507_/A2
dpath.a_lt_b$in0\[15\],_435_/B
dpath.a_lt_b$in0\[1\],_523_/A
dpath.a_lt_b$in0\[1\],_592_/A2
dpath.a_lt_b$in0\[1\],_440_/B
dpath.a_lt_b$in0\[1\],_347_/A2
dpath.a_lt_b$in0\[1\],_350_/A2
_692_/Q,dpath.a_lt_b$in0\[1\]
dpath.a_lt_b$in0\[2\],_358_/A2
_693_/Q,dpath.a_lt_b$in0\[2\]
dpath.a_lt_b$in0\[2\],_597_/A2
dpath.a_lt_b$in0\[2\],_359_/A
dpath.a_lt_b$in0\[3\],_353_/A2
_694_/Q,dpath.a_lt_b$in0\[3\]
dpath.a_lt_b$in0\[3\],_603_/A2
dpath.a_lt_b$in0\[3\],_354_/A
dpath.a_lt_b$in0\[4\],rebuffer10/A
dpath.a_lt_b$in0\[4\],_370_/B
_695_/Q,dpath.a_lt_b$in0\[4\]
dpath.a_lt_b$in0\[4\],_536_/A
dpath.a_lt_b$in0\[4\],_378_/A2
dpath.a_lt_b$in0\[5\],_369_/B
dpath.a_lt_b$in0\[5\],_379_/A
dpath.a_lt_b$in0\[5\],_382_/A2
dpath.a_lt_b$in0\[5\],_614_/A2
_696_/Q,dpath.a_lt_b$in0\[5\]
dpath.a_lt_b$in0\[6\],rebuffer7/A
dpath.a_lt_b$in0\[6\],rebuffer3/A
dpath.a_lt_b$in0\[6\],rebuffer2/A
dpath.a_lt_b$in0\[6\],_373_/B
_697_/Q,dpath.a_lt_b$in0\[6\]
_698_/Q,dpath.a_lt_b$in0\[7\]
dpath.a_lt_b$in0\[7\],_625_/A2
dpath.a_lt_b$in0\[7\],_546_/A
dpath.a_lt_b$in0\[7\],_387_/A2
dpath.a_lt_b$in0\[7\],_372_/B
_699_/Q,dpath.a_lt_b$in0\[8\]
dpath.a_lt_b$in0\[8\],_630_/A2
dpath.a_lt_b$in0\[8\],_549_/A
dpath.a_lt_b$in0\[8\],_411_/A2
dpath.a_lt_b$in0\[8\],_400_/B
_700_/Q,dpath.a_lt_b$in0\[9\]
dpath.a_lt_b$in0\[9\],_636_/A2
dpath.a_lt_b$in0\[9\],_408_/A
dpath.a_lt_b$in0\[9\],_399_/B
_675_/Q,dpath.a_lt_b$in1\[0\]
dpath.a_lt_b$in1\[0\],_348_/A
_685_/Q,dpath.a_lt_b$in1\[10\]
dpath.a_lt_b$in1\[10\],_396_/A
_686_/Q,dpath.a_lt_b$in1\[11\]
dpath.a_lt_b$in1\[11\],_394_/A
_687_/Q,dpath.a_lt_b$in1\[12\]
dpath.a_lt_b$in1\[12\],_423_/A
dpath.a_lt_b$in1\[12\],_416_/A
_688_/Q,dpath.a_lt_b$in1\[13\]
dpath.a_lt_b$in1\[13\],_484_/A2
dpath.a_lt_b$in1\[13\],_418_/A
_689_/Q,dpath.a_lt_b$in1\[14\]
dpath.a_lt_b$in1\[14\],_428_/A
_690_/Q,dpath.a_lt_b$in1\[15\]
dpath.a_lt_b$in1\[15\],_434_/A
_676_/Q,dpath.a_lt_b$in1\[1\]
dpath.a_lt_b$in1\[1\],_440_/A
dpath.a_lt_b$in1\[1\],_345_/A
_677_/Q,dpath.a_lt_b$in1\[2\]
dpath.a_lt_b$in1\[2\],_360_/A2
dpath.a_lt_b$in1\[2\],_357_/A
dpath.a_lt_b$in1\[3\],_355_/A2
_678_/Q,dpath.a_lt_b$in1\[3\]
dpath.a_lt_b$in1\[3\],_352_/A
dpath.a_lt_b$in1\[4\],_370_/A
_679_/Q,dpath.a_lt_b$in1\[4\]
dpath.a_lt_b$in1\[4\],_377_/A
dpath.a_lt_b$in1\[5\],rebuffer26/A
_680_/Q,dpath.a_lt_b$in1\[5\]
dpath.a_lt_b$in1\[5\],_381_/A
dpath.a_lt_b$in1\[5\],_369_/A
dpath.a_lt_b$in1\[6\],_373_/A
_681_/Q,dpath.a_lt_b$in1\[6\]
dpath.a_lt_b$in1\[6\],_389_/A
_682_/Q,dpath.a_lt_b$in1\[7\]
dpath.a_lt_b$in1\[7\],_386_/A
dpath.a_lt_b$in1\[7\],_372_/A
_683_/Q,dpath.a_lt_b$in1\[8\]
dpath.a_lt_b$in1\[8\],_410_/A
dpath.a_lt_b$in1\[8\],_400_/A
_684_/Q,dpath.a_lt_b$in1\[9\]
dpath.a_lt_b$in1\[9\],_485_/A
dpath.a_lt_b$in1\[9\],_409_/A2
dpath.a_lt_b$in1\[9\],_399_/A
input1/Z,net1
net1,_519_/B
input10/Z,net10
net10,_596_/A1
input11/Z,net11
net11,_602_/A1
input12/Z,net12
net12,_523_/B
input13/Z,net13
net13,_607_/A1
input14/Z,net14
net14,_613_/A1
input15/Z,net15
net15,_618_/A1
input16/Z,net16
net16,_624_/A1
input17/Z,net17
net17,_629_/A1
input18/Z,net18
net18,_635_/A1
input19/Z,net19
net19,_640_/A1
input2/Z,net2
net2,_556_/B
input20/Z,net20
net20,_647_/B1
input21/Z,net21
net21,_651_/A1
input22/Z,net22
net22,_658_/B1
input23/Z,net23
net23,_526_/A2
input24/Z,net24
net24,_663_/B1
input25/Z,net25
net25,_670_/B1
input26/Z,net26
net26,_530_/A2
input27/Z,net27
net27,_536_/B
input28/Z,net28
net28,_539_/A2
input29/Z,net29
net29,_543_/B
input3/Z,net3
net3,_559_/B
input30/Z,net30
net30,_546_/B
input31/Z,net31
net31,_549_/B
input32/Z,net32
net32,_552_/A2
input33/Z,net33
net33,_504_/B2
net33,_497_/A2
input34/Z,net34
net34,_501_/A
net34,_498_/B1
net34,_493_/A2
input35/Z,net35
net35,_501_/B2
net36,output36/A
_672_/Q,net36
net36,_670_/B2
net36,_663_/B2
net36,_658_/B2
net36,_651_/A2
net36,_647_/B2
net36,_640_/A2
net36,_635_/A2
net36,_629_/A2
net36,_624_/A2
net36,_618_/A2
net36,_613_/A2
net36,_607_/A2
net36,_602_/A2
net36,_596_/A2
net36,_591_/A1
net36,_585_/A2
net36,_584_/A1
net36,_581_/A2
net36,_571_/S
net36,_568_/S
net36,_565_/S
net36,_562_/S
net36,_559_/S
net36,_556_/S
net36,_553_/B1
net36,_552_/A1
net36,_549_/S
net36,_546_/S
net36,_543_/S
net36,_540_/B1
net36,_539_/A1
net36,_536_/S
net36,_531_/B1
net36,_530_/A1
net36,_527_/B1
net36,_526_/A1
net36,_523_/S
net36,_519_/S
net36,_503_/A
net36,_497_/A1
net37,output37/A
net37,_577_/A2
_481_/ZN,net37
net38,output38/A
_470_/ZN,net38
net39,output39/A
net39,_643_/A1
_473_/ZN,net39
input4/Z,net4
net4,_562_/B
net40,output40/A
_475_/ZN,net40
net41,output41/A
net41,_654_/A1
_478_/ZN,net41
net42,output42/A
_480_/ZN,net42
net43,output43/A
_439_/ZN,net43
net44,output44/A
_443_/ZN,net44
net45,output45/A
_446_/ZN,net45
net46,output46/A
net46,_599_/A2
_449_/ZN,net46
net47,output47/A
_451_/ZN,net47
net48,_610_/A2
net48,output48/A
_454_/Z,net48
net49,output49/A
_458_/ZN,net49
input5/Z,net5
net5,_565_/B
net50,output50/A
net50,_621_/A1
_461_/ZN,net50
net51,output51/A
_463_/ZN,net51
net52,output52/A
net52,_632_/A2
_465_/ZN,net52
net53,output53/A
net53,_501_/B1
_500_/ZN,net53
net54,_457_/B
rebuffer1/Z,net54
net55,_619_/A2
rebuffer2/Z,net55
net56,_390_/A2
rebuffer3/Z,net56
net57,_445_/A
rebuffer4/Z,net57
net58,_447_/A1
rebuffer5/Z,net58
net59,_450_/A
rebuffer6/Z,net59
input6/Z,net6
net6,_568_/B
net60,_543_/A
rebuffer7/Z,net60
net61,_452_/A2
rebuffer8/Z,net61
net62,_450_/B
rebuffer9/Z,net62
net63,_608_/A2
rebuffer10/Z,net63
input7/Z,net7
net7,_571_/B
net79,_380_/B1
rebuffer26/Z,net79
input8/Z,net8
net8,_584_/A2
net80,_462_/B
net80,_464_/B1
rebuffer27/Z,net80
net81,_644_/B2
net81,_611_/B1
net81,_616_/A1
net81,_622_/B2
net81,_633_/B1
net81,_627_/A1
rebuffer28/Z,net81
net82,_605_/A1
net82,_600_/B1
net82,_594_/A1
net82,_580_/B1
net82,_589_/A1
rebuffer29/Z,net82
net83,_616_/B1
net83,_649_/A2
net83,_638_/A2
net83,_660_/A2
split30/Z,net83
input9/Z,net9
net9,_591_/A2
